_id,title,slug,tagline,category,brokerType,serviceArea,description,features,pricingModel,websiteURL,metaDescription,synonyms,image1_alt,image1_isLogo
"b1a983b2-2563-4db9-8f6c-8bdda4519dd3","Fiverr","fiverr","Freelance services for the lean entrepreneur","Outsourcing & Staffing","Mortgage|Asset|Commercial","Outsourcing & Staffing|Marketing & Lead Generation|AI & Intelligent Automation","Global freelance marketplace for digital services including design, development, marketing, automation and AI setup","Freelance marketplace (core)|fixed-price gigs (core)|milestones (core)|reviews (core)","Pay-as-you-go","https://go.fiverr.com/visit/?bta=34701&brand=fiverrmarketplace","freelancers, outsourcing platform, gig economy, digital services","","Fiverr logo","true"
"b555da45-af7e-4ead-86b8-1fd173f8a796","HubSpot","hubspot","All-in-one CRM, marketing & sales","Technology & Systems","Mortgage|Asset|Commercial","CRM Design & Architecture|Deal & Lead Management|Marketing Automation|Data, Analytics & Reporting","CRM platform with marketing, sales and service hubs for SMEs and enterprises","Contact management (core)|pipelines (core)|reporting (core)","Freemium + Subscription","https://hubspot.com","Enterprise-grade CRM and marketing platform supporting complex sales, automation and reporting workflows.","CRM platform|marketing automation|sales CRM","HubSpot logo","true"
"838f04c8-2ba2-47fe-a426-ccaf6533380c","Monday.com","monday.com","Work OS for teams & projects","Operations, AI & Workflow","Mortgage|Asset|Commercial","Project Management|Team Task Management|Workflow Design|Process Automation|Data, Analytics & Reporting","Visual work management platform for projects, pipelines and operations","Boards (core)|automations (core)|dashboards (core)","Subscription","https://monday.com","Configurable work OS enabling teams to manage projects, workflows and operational processes.","work management platform|workflow OS|project dashboards","Monday logo","true"
"ac17773e-baa9-4368-8dba-811de5614158","MailerLite","mailerlite","Simple email marketing done right","Marketing & Lead Generation","Mortgage|Asset|Commercial","Email Marketing|Marketing Automation|Lead Capture & Nurture|Funnels & Landing Pages","Lightweight email and landing page platform for small businesses","Campaigns (core)|automations (core)|landing pages (core)|popups (core)","Freemium + Subscription","https://www.mailerlite.com","Simple email marketing and landing page platform designed for small teams and growing businesses.","email automation|landing pages|lightweight email tool","MailerLite logo","true"
"473d8126-4e74-41f9-b0ce-e05377f18361","Acuity Scheduling","acuity-scheduling","Client-facing booking for businesses","Sales & Client Onboarding","Mortgage|Asset|Commercial","Calendar Sync|Lead Capture & Nurture|Funnels & Landing Pages|Conversion Rate Optimisation (CRO)","Advanced scheduling and intake platform","Intake forms (core)|payments (core)|reminders (core)","Subscription","https://acuityscheduling.com","Client booking and intake platform for service-based businesses.","client scheduling|intake forms|appointment payments","Acuity logo","true"
"7908ceac-8c32-4daf-875e-87b5fc46067c","Google Forms","google-forms","Free forms in your Google account","Sales & Client Onboarding","Mortgage|Asset|Commercial","Lead Capture & Nurture|Smart Form Builders|Document Collection & Verification","Simple form and survey builder","Surveys (core)|file uploads (core)","Free","https://forms.google.com","Free form and survey tool integrated with Google Workspace.","free forms|google surveys|data collection","Google Forms logo","true"
"8db64bea-2c3a-4d43-9f29-3b8c6f7f7eed","Sherlok","sherlok","AI-powered broker retention engine","Client Retention & Education","Mortgage","Client Retention & Education|Data, Analytics & Reporting|AI & Intelligent Automation|Loan Processing Systems","Australian broker platform that scans loan books to identify refinance & repricing opportunities before churn occurs","Refinance triggers (core)|client alerts (core)|lender comparisons (core)|retention scoring (core)","Subscription","https://sherlok.com.au","AI-driven loan book monitoring software that helps mortgage brokers reduce churn by identifying refinance and repricing opportunities early.","broker retention software|refinance alerts|loan book analytics|churn prevention","Sherlok logo","true"
"af5cb01a-6d78-47fd-8a94-08752459d31b","Broker Engine","broker-engine","Systemise your mortgage business","Sales & Client Onboarding","Mortgage","Deal & Lead Management|Workflow Design|Process Automation|Project Management|Data, Analytics & Reporting","Workflow, tasking and revenue management platform for mortgage brokerages","Deal workflows (core)|commission tracking (core)|tasking (core)","Subscription","https://brokerengine.com.au","Workflow and revenue management software helping mortgage brokerages systemise operations and track performance.","broker workflow software|mortgage operations platform|commission tracking","Broker Engine logo","true"
"f72eaede-502b-4937-a6fd-eace3b15e592","Mailparser","mailparser","Parse data from incoming emails","Operations, AI & Workflow","Mortgage|Asset|Commercial","AI & Intelligent Automation|Process Automation|System Integrations & APIs|Data Sync & Webhooks","Extracts structured data from email bodies and attachments into spreadsheets or apps","Custom parsers (core)|attachment OCR (core)|exports (core)","Subscription","https://mailparser.io","Email parsing automation tool that converts incoming emails and attachments into structured data for workflows.","email parsing|automation middleware|data extraction tool","Mailparser logo","true"
"e2d1505f-a920-4837-a636-494158bf6084","SmartLead","smart-leads","Multi-channel outbound platform","Marketing & Lead Generation","Mortgage|Asset|Commercial","Email Marketing|Marketing Automation|Lead Capture & Nurture","Outbound email platform with mailbox management and routing","Mailbox pools (core)|sequences (core)|reporting (core)","Subscription","https://smartlead.ai","Outbound email automation platform built for scaling cold email safely and efficiently.","outbound email|cold outreach|email automation","SmartLead logo","true"
"2043fb4d-1946-42da-ad6a-f363eed64a3a","VideoAsk","videoask","Face-to-face forms & funnels","Sales & Client Onboarding","Mortgage|Asset|Commercial","Lead Capture & Nurture|Smart Form Builders|Funnels & Landing Pages|Conversion Rate Optimisation (CRO)","Asynchronous video Q&A and conversational forms used for lead capture and onboarding","Video prompts (core)|branching logic (core)|embeds (core)|captions (core)","Subscription","https://www.videoask.com","Conversational video-based forms that improve lead engagement and onboarding completion.","video forms|conversational onboarding|video lead capture","VideoAsk logo","true"
"801f6afd-03ae-4f66-90f0-16696e28606b","Zoho Calendar","zoho-calendar","Zoho's business calendar","Operations, AI & Workflow","Mortgage|Asset|Commercial","Calendar Sync|Smart Task Automation|System Integrations & APIs","Calendar application within the Zoho ecosystem","Shared calendars (core)|group events (core)","Freemium + Subscription","https://www.zoho.com/calendar","Business calendar tightly integrated with the Zoho productivity suite.","business calendar|Zoho scheduling|team calendars","Zoho Calendar logo","true"
"eb2590d2-18eb-41d2-96ba-cef2f9e271c4","Otter","otter","Transcribe meetings & lectures","Meeting Transcription","Mortgage|Asset|Commercial","Internal Knowledge Bases|Video & Podcast Production|Focus & Productivity","Live transcription and note-taking app for meetings and conversations.","Live captions (core)|recordings (core)|summaries (core)|collaboration (core)","Freemium + Subscription","https://otter.ai","Real-time transcription and searchable meeting notes.","live transcription|ai notes|meeting captions","Otter AI logo","true"
"2ed6cdb5-2c55-42a5-9059-4e8478414f56","Humanitix","humanitix","Tickets for good causes","Events & Ticketing","Mortgage|Asset|Commercial","Lead Capture|Funnels & Landing Pages|Referral Systems","Event ticketing platform that funds social impact through booking fees.","Event pages (core)|seating (core)|payouts (core)|charity funding (core)","Pay-as-you-go","https://humanitix.com","Event ticketing platform that donates profits to education projects.","event ticketing|ethical ticketing|event registration","Humanitix logo","true"
"468dc6ae-9285-4f17-92a9-e79b05aefe44","Carrd","carrd","Simple one-page sites","Marketing & Lead Generation","Mortgage|Asset|Commercial","Landing Page Builders (No-Code)|Funnels & Landing Pages|Lead Capture & Nurture|Conversion Rate Optimisation (CRO)","Lightweight builder for one-page websites and funnels","Templates (core)|forms (core)|embeds (core)","Freemium + Subscription","https://carrd.co","Simple landing page builder for quick launches and lead capture.","one page sites|landing page builder|simple websites","Carrd logo","true"
"293bdc5e-95c7-4cc2-85eb-e752c8ee1268","Databox","databox","Business KPIs in one place","Operations, AI & Workflow","Mortgage|Asset|Commercial","Reporting & Dashboards|Data, Analytics & Reporting","KPI dashboards with prebuilt templates","Goals (core)|alerts (core)|mobile dashboards (core)","Freemium + Subscription","https://databox.com","KPI dashboard platform for tracking business performance.","kpi dashboards|business reporting|metrics","Databox logo","true"
"6fa23350-6b04-4eac-a009-d379e5c01f8f","Text Expander","textexpander","Type less, say more","Productivity Utilities","Mortgage|Asset|Commercial","SOP Creation & Documentation|Focus & Productivity|Workflow Mapping","Text expansion tool for reusable snippets and templates.","Snippets (core)|variables (core)|team sharing (core)","Subscription","https://textexpander.com","Text expansion tool for reusable snippets and templates.","text expansion|ai snippets|productivity tools","TextExpander logo","true"
"b577e560-f0fd-4d13-b314-53403179768f","WebinarJam","webinarjam","Live webinar marketing platform","Webinars","Mortgage|Asset|Commercial","Funnels & Landing Pages|Video & Podcast Production|Conversion Rate Optimisation (CRO)","Webinar platform designed for marketing and conversion.","Live webinars (core)|replays (core)|offers (core)","Subscription","https://webinarjam.com","","","WebinarJam logo","true"
"44e1ecd9-edc8-46e6-bd7e-1bdad49ecb1d","RoboForm","roboform","Password manager & form filler","Password Management","Mortgage|Asset|Commercial","Identity & Access Management (IAM)|Security & Encryption|Privacy & Data Security","Password manager with strong form-filling capabilities.","Auto-fill (core)|vaults (core)|sharing (core)","Subscription","https://www.roboform.com","","","RoboForm logo","true"
"1c2df455-b947-4953-82b3-db5488f97283","Hemingway App","hemmingway-app","Make your writing bold and clear","Other","Mortgage|Asset|Commercial","Content Marketing|Copywriting & Storytelling|Brand Messaging","Writing clarity and readability improvement tool.","Readability scoring (core)|clarity highlights (core)","Free","https://hemingwayapp.com","","","Hemingway App logo","true"
"d248d969-d6f9-4dbf-b88d-a40ff2c3335e","DocuScan","docuscan","Turn documents into trusted data","AI Fraud Check & Identity Verification","Mortgage|Asset|Commercial","Fraud Detection Systems|OCR & AI Document Parsing|Document Collection & Verification|Compliance Workflow Automation","AI-based document data extraction and fraud detection used by lenders and finance brokers","OCR extraction (core)|fraud signals (core)|compliance checks (core)|APIs (core)","Pay-as-you-go","https://www.docuscan.com.au","","","","true"
"ccb8a7a2-25a7-46ea-aba4-d79497e9e066","Fortiro","fortiro","Financial crime intelligence","AI Fraud Check & Identity Verification","Mortgage|Asset|Commercial","Fraud Detection Systems|Compliance Reporting|Zero Trust Security","AI-powered AML, fraud monitoring and compliance reporting for financial institutions","Transaction screening (core)|sanctions monitoring (core)|case management (core)|reporting (core)","Pay-as-you-go","https://fortiro.com","","","","true"
"662077ef-934f-439d-8577-aba0ac9f5897","PhantomBuster","phantom-buster","Automate web actions & scraping","Marketing & Lead Generation","Mortgage|Asset|Commercial","Process Automation|Lead Capture & Nurture|System Integrations & APIs","Cloud automations for prospecting, scraping and web workflows","LinkedIn actions (core)|scrapers (core)|workflows (core)","Subscription","https://phantombuster.com","Web automation platform for lead generation, enrichment and data collection at scale.","web scraping|lead automation|growth tools","PhantomBuster logo","true"
"62114b3a-161d-42fd-9833-c2d9c1539460","Hunter","hunter","Find and verify professional emails","Marketing & Lead Generation","Mortgage|Asset|Commercial","Email Marketing|Lead Capture & Nurture|Data Validation & De-Duplication","Email finder and verifier for B2B prospecting","Email finder (core)|verifier (core)|campaigns (core)","Freemium + Subscription","https://hunter.io","B2B email discovery and verification tool for building clean prospect lists.","email finder|lead enrichment|list building","Hunter logo","true"
"2b191f51-c7a5-4597-a20d-1fbe2ba7edec","DragApp","dragapp","Collaborative Gmail workspace","Operations, AI & Workflow","Mortgage|Asset|Commercial","Team Task Management|Smart Task Automation|Internal Knowledge Bases","Shared inbox and task boards built directly inside Gmail","Shared inbox (core)|Kanban (core)|notes (core)","Subscription","https://www.dragapp.com","Gmail-based shared inbox and task management tool for small teams.","shared inbox|gmail collaboration|task management","DragApp logo","true"
"adb06d97-8a6f-42ea-b269-7afd9e5b8b81","Google Calendar","google-calendar","Calendar for work and life","Operations, AI & Workflow","Mortgage|Asset|Commercial","Calendar Sync|Smart Task Automation|System Integrations & APIs","Core scheduling app within Google Workspace","Events (core)|reminders (core)|shared calendars (core)","Free","https://calendar.google.com","Widely used calendar platform for scheduling, reminders and integrations.","google calendar|scheduling app|meeting planner","Google Calendar logo","true"
"caddda2d-4246-4b4c-a413-65e1e264cadb","SurveyMonkey","surveyMonkey","SurveyMonkey","Sales & Client Onboarding","Mortgage|Asset|Commercial","Lead Capture & Nurture|Smart Form Builders|Document Collection & Verification","SurveyMonkey","PDF builder (core)|approvals (core)|widgets (core)","Freemium + Subscription","https://www.surveymonkey.com","Robust form builder for data collection and document workflows.","form builder|online forms|document collection","SurveyMonkey logo","true"
"6d4ffa7b-09d5-4d77-9e32-53241160ecad","Porkbun","porkbun","Delightfully cheap domains","Technology & Systems","Mortgage|Asset|Commercial","Cloud Infrastructure & Hosting|Privacy & Data Protection|Data Residency & Hosting Region","Low-cost domain registrar with strong UX","Domains (core)|DNS (core)|WHOIS privacy (core)","Subscription","https://porkbun.com","Affordable domain registrar with free WHOIS privacy.","domain registrar|cheap domains|dns management","Porkbun logo","true"
"2207e11a-58d6-4fce-aa1a-6743e2cf27d4","Jotform","jotform","Powerful online forms made easy","Sales & Client Onboarding","Mortgage|Asset|Commercial","Lead Capture & Nurture|Smart Form Builders|Document Collection & Verification","Versatile form builder with approvals and PDFs","PDF builder (core)|approvals (core)|widgets (core)","Freemium + Subscription","https://www.jotform.com","Robust form builder for data collection and document workflows.","form builder|online forms|document collection","Jotform logo","true"
"b47bcec2-0e97-4a17-95aa-6a6d09ce6946","SurveyMonkey","survey-monkey","Create surveys and collect responses","Sales & Client Onboarding","Mortgage|Asset|Commercial","Lead Capture & Nurture|Smart Form Builders|Document Collection & Verification","Survey builder with analytics and integrations","Surveys (core)|responses (core)|analytics (core)","Freemium + Subscription","https://www.surveymonkey.com","Survey builder for market research and lead generation.","survey builder|online surveys|market research","SurveyMonkey logo","true"
"cc6ab741-a12f-4d3b-92c3-0b411d0769c1","TransactorApp","transactorapp","Making property transactions easy","Mortgage Software","Mortgage","Settlement Processing|Broker Compliance|Deal Packaging|Compliance Workflow Automation","End-to-end transaction management platform for mortgage and real estate brokers to track deals, manage milestones, handle compliance and streamline settlement workflows","Notifications (core)|portal (core)|APIs (core)|client communications (core)","Subscription","https://transactorapp.com","","","","true"
"6ebe004e-1ed9-4cc4-89b1-74eaba684984","PipeDrive","pipedrive","Simple, pipeline-focused CRM","Technology & Systems","Mortgage|Asset|Commercial","Deal & Lead Management|Opportunity & Pipeline Management|Process Automation|Data, Analytics & Reporting","Deal-centric CRM with visual pipelines and sales automation","Visual pipelines (core)|activities (core)|automation (core)","Subscription","https://pipedrive.com","Pipeline-focused CRM helping teams visualise deals, manage follow-ups and automate sales workflows.","sales pipeline CRM|deal tracking software","Pipedrive logo","true"
"9f900e75-b9c1-4b0b-b358-43750ec88aac","Zapier","zapier","Connect your apps, automate workflows","Operations, AI & Workflow","Mortgage|Asset|Commercial","Process Automation|System Integrations & APIs|Data Sync & Webhooks|AI & Intelligent Automation","No-code automation platform connecting thousands of SaaS tools","Multi-step zaps (core)|webhooks (core)|filters (core)|scheduling (core)","Freemium + Subscription","https://zapier.com","No-code automation platform for connecting apps and streamlining workflows without engineering effort.","workflow automation|app integrations|no-code automation","Zapier logo","true"
"367a726c-9eef-4d2c-b724-5d3c7e50d1ae","MillionVerifier","million-verifier","Affordable bulk email verifier","Marketing & Lead Generation","Mortgage|Asset|Commercial","Email Marketing|Data Validation & De-Duplication|Database Reactivation","Budget-friendly email list verification service","Bulk verification (core)|API (core)|reports (core)","Pay-as-you-go","https://millionverifier.com","Low-cost email verification tool for cleaning large lists and reducing bounce rates.","email list cleaning|bulk email verification","Million Verifier logo","true"
"bb0e33ee-e21b-4dfb-98c8-d78008abc01d","VentraIP","ventraip","Australian web hosting & domains","Technology & Systems","Mortgage|Asset|Commercial","Cloud Infrastructure & Hosting|Data Residency & Hosting Region|Backup & Disaster Recovery","Australian-based hosting and domain provider","Shared hosting (core)|domains (core)|SSL (core)|email (core)","Subscription","https://ventraip.com.au","Australian hosting provider supporting local data residency requirements.","AU hosting|australian web hosting|domain hosting","VentraIP logo","true"
"2f8a569c-e20d-47eb-a5d1-cf90c1bf93e6","PostHog","posthog","Product analytics & feature flags","Operations, AI & Workflow","Mortgage|Asset|Commercial","Data, Analytics & Reporting|Conversion Rate Optimisation (CRO)|System Integrations & APIs","Product analytics platform with experimentation tools","Funnels (core)|cohorts (core)|feature flags (core)","Freemium + Subscription","https://posthog.com","Product analytics and experimentation platform for SaaS and platforms.","product analytics|feature flags|user behaviour","PostHog logo","true"
"25cee5f3-a805-4cfd-8d1e-3f8aac58e139","Mixpanel","mixpanel","Product analytics for growth teams","Operations, AI & Workflow","Mortgage|Asset|Commercial","Data, Analytics & Reporting|Conversion Rate Optimisation (CRO)|Lead Attribution & Source Tracking","Event-based analytics for SaaS and apps","Event tracking (core)|cohorts (core)","Freemium + Subscription","https://mixpanel.com","Advanced event analytics platform for understanding user behaviour.","event analytics|growth analytics|product insights","Mixpanel logo","true"
"8a374678-52e3-4979-8a5d-6a5030b6bfd8","Flourish","flourish","Tell stories with data","Marketing & Lead Generation","Mortgage|Asset|Commercial","Reporting & Dashboards|Data, Analytics & Reporting|Thought Leadership","Interactive data visualisation and storytelling platform","Interactive charts (core)|embeds (core)","Freemium + Subscription","https://flourish.studio","Data storytelling tool for publishing interactive visuals.","data visualisation|storytelling charts|interactive reports","Flourish logo","true"
"e4645730-3401-4c32-a5d6-e7295b3aba79","StreamYard","streamyard","Live stream studio in your browser","Streaming & Webinars","Mortgage|Asset|Commercial","Video & Podcast Production|Media Training|Thought Leadership","Browser-based live streaming studio for multiple platforms.","Multi-platform streaming (core)|branding (core)|recording (core)","Subscription","https://streamyard.com","","","StreamYard logo","true"
"70b5f4c5-ac21-4c71-b826-a5eb62c055d9","ClickUp","clickup","One app to replace them all","Operations, AI & Workflow","Mortgage|Asset|Commercial","Project Management|Team Task Management|SOP Creation & Documentation|Process Automation","Highly flexible work management tool covering tasks, docs, goals and dashboards","Tasks (core)|docs (core)|dashboards (core)|automations (core)","Freemium + Subscription","https://clickup.com","Work management platform centralising tasks, documentation and workflows across teams.","project management tool|workflow platform|team collaboration software","ClickUp logo","true"
"81936faa-97e6-47ac-984f-d8b222389409","Trello","trello","Visual boards for anything","Operations, AI & Workflow","Mortgage|Asset|Commercial","Project Management|Team Task Management|Workflow Design","Kanban-style boards for tasks and workflows","Boards (core)|cards (core)|checklists (core)","Freemium + Subscription","https://trello.com","Simple visual task and workflow management tool using boards and cards.","kanban boards|task tracking software","Trello logo","true"
"55fce48d-ffdb-4702-a892-e0837a9a4034","MailReef","mail-reef","Cold email mailbox infrastructure","Technology & Systems","Mortgage|Asset|Commercial","Email Marketing|System Uptime, Monitoring & Alerts|Security, Encryption & Key Management","Infrastructure platform for email deliverability, warm-up and inbox health","DNS setup (core)|warm-up (core)|monitoring (core)","Subscription","https://www.mailreef.com","Email infrastructure platform supporting cold email deliverability and mailbox reputation management.","email infrastructure|deliverability tools|cold email setup","MailReef logo","true"
"b9c21ea5-e290-4d33-aecd-dae576863967","Microsoft Teams","microsoft-teams","Chat, meet, call, collaborate","Video & Collaboration","Mortgage|Asset|Commercial","VoIP & Communications|Messaging App Sync|Microsoft 365 / Google Workspace","Microsoft collaboration platform for chat, meetings and calls.","Chat (core)|meetings (core)|channels (core)|apps (core)","Free","https://teams.microsoft.com","","","Microsoft Teams logo","true"
"62bb2e20-9ecd-49ef-a15f-a36dc7057b12","Resistant.AI","resistant-ai","AI risk & fraud detection for fintech","AI Fraud Check & Identity Verification","Mortgage|Asset|Commercial","Fraud Detection Systems|Zero Trust Security|Compliance Reporting","Machine-learning fraud detection platform focused on AML, payments and lending risk","Transaction monitoring (core)|fraud scoring (core)|behavioural analytics (core)|alerts (core)","Pay-as-you-go","https://resistant.ai","","","","true"
"40f24c05-2d2e-468a-a255-8a95d52d7660","Jumio","jumio","Online identity verification","AI Fraud Check & Identity Verification","Mortgage|Asset|Commercial","Identity & Access Management (IAM)|Fraud Detection Systems|Compliance Reporting","Global leader in biometric identity verification, KYC and AML compliance","Face match (core)|ID validation (core)|liveness detection (core)|AML screening (core)","Pay-as-you-go","https://www.jumio.com","","","","true"
"ee225740-0b05-415d-b4c6-a6935a461090","LoanOptions.AI","loanoptions-ai","AI-powered loan analysis and product matching for Asset Finance","Asset Software","Asset","AI & Automations|Credit Assessments|Lead Management System|OCR & AI Document Parsing","Intelligent loan comparison engine for asset finance brokers that assesses borrower profiles, automates early credit analysis and improves lender matching","Lead management (core)|document collection (core)|task automation (core)|reminders (core)","Subscription","https://loanoption.ai","","","","true"
"b7fe5e6f-798f-452c-95b8-3d6bb18e98fb","AgileCRM","agilecrm","All-in-one CRM with project management","Technology & Systems","Mortgage|Asset|Commercial","CRM Design & Architecture|Deal & Lead Management|Marketing Automation|Project Management","CRM platform combining sales, marketing automation and project management","Contact management (core)|automations (core)|projects (core)","Freemium + Subscription","https://www.agilecrm.com","All-in-one CRM combining sales, marketing automation and lightweight project management.","all-in-one CRM|sales and marketing platform","AgileCRM logo","true"
"840d7909-3dca-4ddf-9f4f-6068923a05ec","n8n","n8n","Open-source workflow automation","Operations, AI & Workflow","Mortgage|Asset|Commercial","Process Automation|System Integrations & APIs|Data Sync & Webhooks|Workflow Design","Self-hostable automation tool for building complex workflows","Nodes library (core)|JS functions (core)|triggers (core)","Subscription","https://n8n.io","Open-source automation platform for teams needing advanced, self-hosted workflow control.","open source automation|workflow engine|system integrations","n8n logo","true"
"014e5da1-dbd2-4430-b4e4-2151063d453c","Calendly","calendly","Easy scheduling ahead","Sales & Client Onboarding","Mortgage|Asset|Commercial","Calendar Sync|Lead Capture & Nurture|Smart Task Automation","Self-service scheduling links with routing and reminders","Round-robin (core)|buffers (core)|workflows (core)|reminders (core)","Freemium + Subscription","https://calendly.com","Scheduling automation tool that reduces back-and-forth and improves booking rates.","meeting scheduling|booking links|calendar automation","Calendly logo","true"
"0d541fe3-eddb-4f0a-a1f7-905f2c620a94","Feathery","feathery","Developer-grade forms without heavy code","Sales & Client Onboarding","Mortgage|Asset|Commercial","Smart Form Builders|System Integrations & APIs|Data Sync & Webhooks|Lead Capture & Nurture","Advanced embedded forms with logic and APIs","Conditional logic (core)|APIs (core)","Subscription","https://feathery.io","Flexible form builder for complex onboarding and data capture.","advanced forms|embedded forms|form APIs","Feathery logo","true"
"517641be-f252-4964-84df-a3f732c2c65a","Tally","tally-so","Notion-style forms in minutes","Sales & Client Onboarding","Mortgage|Asset|Commercial","Smart Form Builders|Lead Capture & Nurture|Funnels & Landing Pages","Minimalist form builder with generous free tier","Unlimited forms (core)|logic (core)","Freemium + Subscription","https://tally.so","Simple, fast form builder for lead capture and surveys.","notion forms|simple forms|online surveys","Tally logo","true"
"4b6d7c7f-51ee-48fa-ad55-41214a61e9f4","1Password","1password","Protect your digital life","Password Management","Mortgage|Asset|Commercial","Identity & Access Management (IAM)|Security & Encryption|Privacy & Data Security","Secure password manager for teams and individuals.","Vaults (core)|2FA (core)|secrets (core)","Subscription","https://1password.com","","","1Password logo","true"
"13c9d016-4838-487e-988c-579f7087e92c","Whisper.AI","whisper-ai","Transcribe in any language","Meeting Transcription","Mortgage|Asset|Commercial","Video & Podcast Production|Internal Knowledge Bases|Focus & Productivity","AI-powered call transcription and analysis platform.","AI transcription (core)|summaries (core)|CRM sync (core)","Subscription","https://whisperai.com","","","Whisper AI logo","true"
"bb3eba99-f96a-42ae-8186-9339e418b0de","AnswerThePublic","answer-the-public","See what people are searching","Marketing Software","Mortgage|Asset|Commercial","SEO|Content Marketing|Thought Leadership","Search insight tool for content and keyword discovery.","Search mining (core)|visualisation (core)|exports (core)","Freemium + Subscription","https://answerthepublic.com","","","AnswerThePublic logo","true"
"7fe4e8bc-d57c-4f2d-b724-740fdbfe1302","AppSumo","appsumo","Lifetime software deals for entrepreneurs","Other","Mortgage|Asset|Commercial","Operations, AI & Workflow|Marketing & Lead Generation","Marketplace offering discounted lifetime deals on early-stage SaaS tools across marketing, automation and analytics","Lifetime deals (core)|vendor reviews (core)|SaaS sourcing (core)","Pay-as-you-go","https://appsumo.com","Marketplace for discovering discounted lifetime software deals across marketing, automation and operations tools.","lifetime software deals|SaaS marketplace|growth tools","AppSumo logo","true"
"d1d0d222-8494-4ba6-8917-4bbde254c4f1","Kaddim","kaddim","Document & info collection made easy","Operations, AI & Workflow","Mortgage","Document Collection & Verification|Workflow Design|Process Automation|In-App Notifications","Secure client document and information collection platform with reminders and collaboration","Smart reminders (core)|file requests (core)|collaboration (core)","Subscription","https://kaddim.com","Client document collection platform that reduces follow-ups using structured requests and automated reminders.","document collection software|client info gathering|broker workflows","Kaddim logo","true"
"62e63cb0-5eb4-476e-b552-c6424d96d388","GoDaddy","godaddy","Domains, websites & more","Technology & Systems","Mortgage|Asset|Commercial","Cloud Infrastructure & Hosting|Lead Capture & Nurture|Data Residency & Hosting Region","Global domain registrar and hosting provider","Domains (core)|hosting (core)|site builder (core)|email (core)","Subscription","https://www.godaddy.com","All-in-one provider for domains, hosting and basic websites.","domain registrar|web hosting|website builder","GoDaddy logo","true"
"e27947ed-767b-42c9-aabe-2a6be0ffc512","Plausible","plausible","Privacy-friendly analytics","Operations, AI & Workflow","Mortgage|Asset|Commercial","Data, Analytics & Reporting|Reporting & Dashboards|Lead Attribution & Source Tracking","Cookieless analytics focused on privacy","Simple dashboards (core)|goals (core)","Subscription","https://plausible.io","Lightweight privacy-first analytics alternative to GA.","privacy analytics|cookieless analytics|website metrics","Plausible logo","true"
"667dc496-d97e-414f-be40-06acfd4f2fb1","Krisp.AI","krisp-ai","Noise cancelling for calls","Audio Utility","Mortgage|Asset|Commercial","VoIP & Communications|Focus & Productivity|Burnout & Nervous System Regulation","AI-based background noise removal and echo cancellation for calls.","Noise removal (core)|echo cancellation (core)|call metrics (core)","Freemium + Subscription","https://krisp.ai","AI noise cancellation to improve call clarity and focus.","noise cancellation|call audio ai|meeting audio","Krisp AI logo","true"
"24664ac9-d471-440f-b73a-b331dbf3c049","Zoom","zoom","Modern video communications","Video & Webinars","Mortgage|Asset|Commercial","VoIP & Communications|Video & Podcast Production|Media Training","Video meeting and webinar platform for teams and businesses.","HD meetings (core)|webinars (core)|breakout rooms (core)","Freemium + Subscription","https://zoom.us","","","Zoom logo","true"
"da73344c-9c94-4e04-88e1-7cf62f3da15f","Google Meet","google-meet","Secure video meetings for teams","Video & Meetings","Mortgage|Asset|Commercial","VoIP & Communications|Messaging App Sync|Video & Podcast Production","Video meetings built into Google Workspace.","Video calls (core)|captions (core)|recordings (core)","Free","https://meet.google.com","","","Google Meet logo","true"
"01aa0c39-550a-4c42-8e80-af259e904336","SalesTrekker","salestrekker","End-to-end broker CRM & LOS","Sales & Client Onboarding","Mortgage|Asset|Commercial","CRM Design & Architecture|Deal & Lead Management|Loan Processing Systems|Compliance Management (AFSL / Credit Licence)|Document Collection & Verification","Loan origination and CRM platform widely used by mortgage and finance brokers","Pipelines (core)|compliance (core)|document tracking (core)|client portal (core)","Subscription","https://salestrekker.com","Full-featured CRM and loan origination system used by brokers to manage deals, compliance and client workflows.","loan origination system|broker CRM|mortgage LOS","SalesTrekker logo","true"
"58b6abcf-78be-41af-90d0-7af231fb3756","Outscraper","outscraper","Location & maps data at scale","Marketing & Lead Generation","Mortgage|Asset|Commercial","Process Automation|Lead Capture & Nurture|Data, Analytics & Reporting","Scraping-as-a-service for Google Maps and SERP data","Map scraping (core)|reviews (core)|SERP data (core)","Pay-as-you-go","https://outscraper.com","Data scraping service for extracting local business and SERP data at scale.","lead scraping|maps data|location intelligence","Outscraper logo","true"
"0a5522fb-a9a2-49e9-a529-1d15df3b589c","Sortd","sortd","Gmail-centric sales workspace","Operations, AI & Workflow","Mortgage|Asset|Commercial","Team Task Management|Smart Task Automation|Deal & Lead Management","Turn Gmail into a task and sales workspace with boards and pipelines","Kanban boards (core)|reminders (core)|pipelines (core)","Subscription","https://sortd.com","Gmail workspace for managing sales pipelines and tasks directly from email.","gmail CRM|email-based task management","Sortd logo","true"
"c72eeac7-de1b-46f4-b091-fe00ab8026f9","LoanOption-Hailo","loanoption-hailo","Deal workflow assistant for mortgage brokers","Mortgage Software","Mortgage","OCR & AI Document Parsing|Process Automation|Broker Operations Support|Smart Task Automation","AI-driven workflow companion that assists mortgage brokers with task lists, application summaries and compliance monitoring throughout the loan process","Task generation (core)|compliance checks (core)|workflow automation (core)","Subscription","https://loanoption.ai/hailo","","","","true"
"cceb0c3b-b814-49dc-851e-29f20582a7c5","Make.com","make.com","Visually build advanced workflows","Operations, AI & Workflow","Mortgage|Asset|Commercial","Process Automation|System Integrations & APIs|Data Sync & Webhooks|Workflow Design","Scenario-based no/low-code integration and automation platform","Visual builder (core)|routers (core)|APIs (core)","Freemium + Subscription","https://www.make.com","Advanced visual automation platform for building complex workflows across apps and systems.","workflow orchestration|automation builder|no-code integrations","Make logo","true"
"ea89635b-057d-4e29-bdac-dc6046b7d275","Financeable","financeable","Quote, complete & lodge in one place","Sales & Client Onboarding","Asset","Deal & Lead Management|Loan Processing Systems|Credit Assessment Tools|Compliance Management (AFSL / Credit Licence)|Data, Analytics & Reporting","Broker platform to quote, complete and lodge finance applications across consumer and commercial products","Product quoting (core)|application lodgement (core)|compliance (core)|reporting (core)","Subscription","https://financeable.com.au","Finance application platform enabling brokers to quote, complete and lodge deals across multiple lenders in one system.","finance application software|broker quoting platform|loan lodgement system","Financeable logo","true"
"e7fce116-23d3-4bb3-91b0-fe3cd1b6fa65","Botpress","botpress","Open-source conversational AI studio","Operations, AI & Workflow","Mortgage|Asset|Commercial","AI Chatbots & Assistants|Process Automation|System Integrations & APIs|Compliance Management (AFSL / Credit Licence)","Framework and cloud platform for building custom AI chatbots","Visual builder (core)|NLU (core)|analytics (core)","Freemium + Subscription","https://botpress.com","Open-source conversational AI platform for building compliant, custom chatbots.","open source chatbot|AI workflows|conversational automation","Botpress logo","true"
"7a9898d3-542a-43ae-b8ce-c6d1c690c765","Google Analytics","google-analytics","Web analytics for everyone","Operations, AI & Workflow","Mortgage|Asset|Commercial","Data, Analytics & Reporting|Lead Attribution & Source Tracking|Reporting & Dashboards","Website analytics and behaviour tracking platform","Events (core)|funnels (core)|audiences (core)","Free","https://analytics.google.com","Core analytics platform for tracking traffic, behaviour and conversions.","web analytics|traffic tracking|attribution","Google Analytics logo","true"
"a5d1d4e8-865c-4c64-bf51-f17b88eb45c7","Geckoboard","geckoboard","Live TV dashboards","Operations, AI & Workflow","Mortgage|Asset|Commercial","Reporting & Dashboards|System Uptime, Monitoring & Alerts|Data, Analytics & Reporting","Real-time dashboards designed for wallboards","Live widgets (core)|alerts (core)","Subscription","https://www.geckoboard.com","Live dashboarding tool for ops, sales and support teams.","live dashboards|wallboard analytics|realtime metrics","Geckoboard logo","true"
"28d0b8a2-6e30-4abf-8f7c-67db815945bb","Plaud.AI","plaud-ai","Wearable AI voice recorder & note-taker","AI Note-taking & Transcription","Mortgage|Asset|Commercial","Focus & Productivity|Video & Podcast Production|High-Performance Psychology","Hardware and app that records meetings, transcribes audio and generates AI summaries.","Wearable recorder (core)|cloud sync (core)|AI summaries (core)","Pay-as-you-go","https://plaud.ai","AI-powered meeting capture and summaries using a wearable voice recorder.","ai meeting notes|voice transcription|wearable ai","Plaud AI logo","true"
"17d10b43-2145-4247-b960-097bddcb7909","Lend.com.au","lend","Commercial finance platform for brokers","Sales & Client Onboarding","Mortgage|Asset|Commercial","Deal & Lead Management|Loan Processing Systems|Credit Assessment Tools|System Integrations & APIs|Data, Analytics & Reporting","Platform for commercial finance brokers to originate, assess and submit deals with data-driven decisioning tools","Lead capture (core)|credit analysis (core)|lender panel (core)|APIs (core)","Subscription","https://www.lend.com.au","Commercial finance origination platform helping brokers assess, structure and submit complex lending deals efficiently.","commercial finance software|broker origination platform|credit assessment tools","Lend logo","true"
"85bf3c57-0e7d-4a72-8acf-31cc15934568","Instantly","instantly","Scale cold email safely","Marketing & Lead Generation","Mortgage|Asset|Commercial","Email Marketing|Marketing Automation|Lead Capture & Nurture","Cold email sending, inbox rotation and warm-up platform","Multi-inbox (core)|campaigns (core)|warm-up (core)","Subscription","https://instantly.ai","Cold email platform for running outbound campaigns while protecting sender reputation.","cold email software|outbound email|deliverability tools","Instantly logo","true"
"8546cd92-39ec-428b-8b38-13830a2bc8f6","ZeroBounce","zerobounce","Email checker & list hygiene","Marketing & Lead Generation","Mortgage|Asset|Commercial","Email Marketing|Data Validation & De-Duplication|Fraud Detection & Prevention","Email verification platform for improving deliverability and reducing bounce rates","Bulk verification (core)|scoring (core)|API (core)","Pay-as-you-go","https://zerobounce.net","Email verification and hygiene platform for maintaining clean lists and strong sender reputation.","email verification|list hygiene|deliverability","ZeroBounce logo","true"
"1c2ca382-4ead-4619-91ef-b6bbc229e137","MailChimp","mailchimp","All-in-one marketing platform","Marketing & Lead Generation","Mortgage|Asset|Commercial","Email Marketing|Marketing Automation|Lead Capture & Nurture|Data, Analytics & Reporting","Longstanding email marketing and journey builder for small businesses","Templates (core)|journeys (core)|surveys (core)|ads (core)","Freemium + Subscription","https://mailchimp.com","All-in-one email marketing platform supporting campaigns, automations and customer journeys.","email campaigns|marketing automation|small business email","Mailchimp logo","true"
"c204f5b7-48c1-4509-a1f8-55d9803f5e14","Gmass","gmass","Mail merge for Gmail","Marketing & Lead Generation","Mortgage|Asset|Commercial","Email Marketing|Marketing Automation","Gmail-based mail merge and campaign sending tool","Mail merge (core)|scheduling (core)|tracking (core)","Subscription","https://www.gmass.co","Gmail-native mail merge tool for personalised email campaigns at scale.","gmail mail merge|email campaigns|outreach tool","Gmass logo","true"
"e0ea5713-0b28-40d6-b8c3-ca83ac78f226","Typeform","typeform","Make forms people actually like","Sales & Client Onboarding","Mortgage|Asset|Commercial","Lead Capture & Nurture|Smart Form Builders|Funnels & Landing Pages|Conversion Rate Optimisation (CRO)","Conversational forms with strong UX","Conditional logic (core)|embeds (core)","Freemium + Subscription","https://www.typeform.com","High-conversion conversational forms for lead capture and onboarding.","conversational forms|online forms|lead capture","Typeform logo","true"
"bd370dde-0cb3-4478-b578-4be35425b64b","Riverside","riverside","Record podcasts & video in studio quality","Recording & Streaming","Mortgage|Asset|Commercial","Video & Podcast Production|Media Training|Thought Leadership","Remote recording studio for high-quality podcasts and video.","Local tracks (core)|producer tools (core)|AI clips (core)","Subscription","https://riverside.fm","","","Riverside logo","true"
"74299d1a-ed09-4dc1-afed-10c59f63fde3","Bitwarden","bitwarden","Open-source password manager","Password Management","Mortgage|Asset|Commercial","Identity & Access Management (IAM)|Zero Trust Security|Security & Encryption","Open-source password manager with self-hosting.","Vaults (core)|organisations (core)|CLI (core)","Subscription","https://bitwarden.com","","","Bitwarden logo","true"
"bf6cf799-9339-42a6-80b0-261e0bb1c34f","DoxAI","doxai","AI-powered document intelligence","AI Fraud Check & Identity Verification","Mortgage|Asset|Commercial","Fraud Detection Systems|OCR & AI Document Parsing|Compliance Workflow Automation|Audit Trail Reporting","AI platform for document extraction, fraud detection, redaction and eSignature across finance and enterprise workflows","Data extraction (core)|fraud detection (core)|redaction (core)|eSignature (core)","Pay-as-you-go","https://doxai.co","","","","true"
"ed3ed945-f151-4279-a003-c79051da7680","Stryd","stryd","Serve every client better, automatically","Client Retention & Education","Mortgage","Client Retention & Education|Data, Analytics & Reporting|Trail Tracking|AI & Intelligent Automation","Broker-focused retention analytics platform analysing trail books for churn risk and refinance timing","Churn prediction (core)|refinance timing (core)|client scoring (core)|alerts (core)","Subscription","https://stryd.com.au","Trail book analytics platform helping brokers understand churn risk, refinance timing and client profitability.","trail book analytics|broker churn insights|refinance timing|retention analytics","Stryd logo","true"
"8736d137-0aab-4dd7-bd59-12c31124e266","Zoho","zoho","Affordable all-in-one business suite","Technology & Systems","Mortgage|Asset|Commercial","CRM Design & Architecture|Deal & Lead Management|Marketing Automation|Process Automation","CRM and business application suite covering sales, support, finance and operations","CRM (core)|finance tools (core)|automation (core)","Freemium + Subscription","https://zoho.com","Affordable CRM and business software suite supporting sales, marketing, finance and operations workflows.","business software suite|CRM platform|automation tools","Zoho logo","true"
"8b5eec37-9ac6-432d-b9ec-0d9c22f6bd17","SuperMetrics","supermetrics","Move your marketing data anywhere","Operations, AI & Workflow","Mortgage|Asset|Commercial","Data, Analytics & Reporting|System Integrations & APIs|Data Sync & Webhooks","Data connector suite for moving marketing data into BI tools and spreadsheets","Connectors (core)|scheduling (core)|transformations (core)","Subscription","https://supermetrics.com","Marketing data integration platform for syncing performance data into reporting and analytics tools.","marketing data connectors|BI integrations|reporting automation","Supermetrics logo","true"
"73e84823-ac88-4357-9960-0d5a1bf0943e","Voiceflow","voiceflow","Design, build & launch AI agents","Operations, AI & Workflow","Mortgage|Asset|Commercial","AI Chatbots & Assistants|AI & Intelligent Automation|System Integrations & APIs|Process Automation","Platform for designing and deploying chat and voice AI assistants","Flow builder (core)|LLM orchestration (core)|testing (core)|analytics (core)","Subscription","https://voiceflow.com","AI agent design platform for building chatbots and voice assistants across channels.","AI agents|chatbot builder|conversational AI","Voiceflow logo","true"
"259c9719-c7ce-40f8-81ca-d50b527c1951","Microsoft Bookings","microsoft-bookings","Booking pages for Microsoft 365","Sales & Client Onboarding","Mortgage|Asset|Commercial","Calendar Sync|Lead Capture & Nurture|Smart Task Automation","Scheduling pages integrated with Microsoft 365","Booking pages (core)|staff calendars (core)","Free","https://www.microsoft.com/microsoft-365/bookings","Client-facing booking tool for Microsoft-based teams.","microsoft bookings|outlook scheduling|appointment booking","Microsoft Bookings logo","true"
"3582e7fe-06a5-4805-8353-67b1991aa47a","FastComet","fastcomet","Fast cloud hosting worldwide","Technology & Systems","Mortgage|Asset|Commercial","Cloud Infrastructure & Hosting|Backup & Disaster Recovery|Data Residency & Hosting Region","Cloud hosting provider with global locations","Shared/VPS (core)|backups (core)|CDN (core)","Subscription","https://www.fastcomet.com","Global cloud hosting provider with strong performance and backups.","cloud hosting|VPS hosting|website hosting","FastComet logo","true"
"8cd34b5c-236a-428e-bdd6-09060afbdc92","SiteGround","siteground","Managed WordPress hosting","Technology & Systems","Mortgage|Asset|Commercial","Cloud Infrastructure & Hosting|Backup & Disaster Recovery|Data Residency & Hosting Region","Popular managed WordPress hosting for performance and reliability","Managed WP (core)|caching (core)|staging (core)|backups (core)","Subscription","https://www.siteground.com","Managed WordPress hosting optimised for speed, security and uptime.","managed wordpress hosting|website hosting|wp hosting","SiteGround logo","true"
"4a55c3b7-0e2b-4b03-b893-fa51a4594a91","Bluehost","bluehost","Easy WordPress hosting","Technology & Systems","Mortgage|Asset|Commercial","Cloud Infrastructure & Hosting|Backup & Disaster Recovery|Lead Capture & Nurture","Entry-level hosting popular with WordPress beginners","One-click WP (core)|SSL (core)|email (core)","Subscription","https://www.bluehost.com","Beginner-friendly WordPress hosting for small sites and blogs.","beginner hosting|wordpress hosting|shared hosting","Bluehost logo","true"
"32de4c82-3f9f-4985-9bcc-ad75b0f2731c","Effi","effi","AI-powered broker CRM & client portal","Sales & Client Onboarding","Mortgage|Asset|Commercial","CRM Design & Architecture|Deal & Lead Management|Document Collection & Verification|AI & Intelligent Automation","CRM and workflow platform purpose-built for mortgage brokers to manage clients and settlements efficiently","Lead management (core)|client portal (core)|automation (core)|analytics (core)","Subscription","https://effi.com.au","Broker-focused CRM combining lead management, client portals and AI-powered workflows for Australian finance brokers.","broker CRM|mortgage CRM|client portal software|AI broker tools","Effi logo","true"
"3599bf39-43d5-4303-9043-68ae3243848c","DoshApp","doshapp","Open-banking powered client finance app","Sales & Client Onboarding","Mortgage","Mobile Applications|Document Collection & Verification|System Integrations & APIs|Data, Analytics & Reporting","White-labelled app giving brokers and clients a single view of accounts, spending and documents via open banking","Account aggregation (core)|budgeting (core)|document sharing (core)","Subscription","https://doshapp.com.au","White-label client finance app using open banking to centralise accounts, documents and financial insights.","open banking app|broker client app|white-label finance app","Dosh logo","true"
"59036922-90c1-4508-8506-9cd331175c43","Content Snare","content-snare","Stop chasing clients for content","Operations, AI & Workflow","Mortgage|Asset|Commercial","Document Collection & Verification|Process Automation|Audit Trails|In-App Notifications","Structured request and reminder system for gathering documents and content from clients","Templates (core)|auto-reminders (core)|approvals (core)","Subscription","https://contentsnare.com","Automated client document and content collection tool that reduces admin and improves response rates.","client document automation|content collection software|broker admin tools","Content Snare logo","true"
"ed73dcdb-2f87-40e2-901e-0cf745ffdbed","ActiveCampaign","activecampaign","Customer experience automation","Marketing & Lead Generation","Mortgage|Asset|Commercial","Email Marketing|Marketing Automation|Lead Capture & Nurture|Data, Analytics & Reporting","Email and CRM platform combining automations, pipelines and messaging","Email sequences (core)|segmentation (core)|tracking (core)","Subscription","https://activecampaign.com","Customer experience platform combining email marketing, automation and CRM for personalised lead nurture.","email automation|customer experience platform|marketing CRM","ActiveCampaign logo","true"
"6c8175c2-8a39-4885-bc36-1f9f95253733","ActivePipe","activepipe","Email marketing for property & finance","Marketing & Lead Generation","Mortgage|Asset|Commercial","Email Marketing|Marketing Automation|Lead Capture & Nurture|Data, Analytics & Reporting","Email automation platform used by brokers and advisers, originally built for real estate","Drip campaigns (core)|templates (core)|segmentation (core)|reporting (core)","Subscription","https://activepipe.com","Email marketing and automation platform tailored to property and finance professionals for consistent client communication.","broker email marketing|property email automation|finance newsletters","ActivePipe logo","true"
"2c3fa7d1-612f-427f-988d-8240c7cd1534","WordPress","wordpress","Open-source CMS","Technology & Systems","Mortgage|Asset|Commercial","Content Marketing|System Integrations & APIs|Lead Capture & Nurture|White-Label Platforms","Popular open-source content management system","Themes (core)|plugins (core)|REST API (core)","Subscription","https://wordpress.org","Flexible CMS powering blogs, websites and broker platforms.","cms platform|wordpress website|content management","WordPress logo","true"
"67399d59-8e83-451a-b754-222b17bcb9e2","Fathom","fathom","Free AI meeting assistant","Meeting Transcription","Mortgage|Asset|Commercial","Focus & Productivity|Smart Task Automation|Video & Podcast Production","AI meeting assistant that records calls and creates searchable summaries.","Recording (core)|highlights (core)|AI summaries (core)|CRM sync (core)","Freemium + Subscription","https://fathom.video","AI meeting assistant that records, summarises and syncs conversations.","ai meeting assistant|call summaries|meeting transcription","Fathom AI logo","true"
"886eaccd-f51e-4917-8887-01781804bac2","Eventbrite","eventbrite","Create, promote and host events","Events & Ticketing","Mortgage|Asset|Commercial","Lead Capture|Funnels & Landing Pages|Referral Systems","Self-serve event ticketing and registration platform.","Event pages (core)|tickets (core)|promo tools (core)","Pay-as-you-go","https://eventbrite.com","","","Eventbrite logo","true"
"d829fbe5-7db1-46c8-9f66-67fa657ffc09","Mystro","mystro","AI client onboarding for brokers","Sales & Client Onboarding","Mortgage","CRM Design & Architecture|Document Collection & Verification|OCR & AI Document Parsing|Workflow Design","AI-powered CRM automating broker onboarding, data collection and workflows","Digital fact-find (core)|workflow rules (core)|reporting (core)","Subscription","https://mystro.com.au","Digital onboarding and workflow automation platform helping brokers streamline fact finds and client data collection.","digital fact find|broker onboarding software|workflow automation|AI CRM","Mystro logo","true"
"444ed950-46bd-4170-be0b-15fe52fe0a4b","Kit (ConvertKit)","convert-kit","Email for creators & courses","Marketing & Lead Generation","Mortgage|Asset|Commercial","Email Marketing|Marketing Automation|Lead Capture & Nurture|Funnels & Landing Pages","Email platform for newsletters, creators and simple funnels","Broadcasts (core)|sequences (core)|forms (core)|tagging (core)","Subscription","https://convertkit.com","Creator-friendly email marketing platform for newsletters, automated sequences and simple funnels.","email platform|newsletter software|creator email tools","Kit logo","true"
"df6dbbee-39eb-4052-9f3f-782abc32b22d","Cal.com","cal-com","Open scheduling infrastructure","Sales & Client Onboarding","Mortgage|Asset|Commercial","Calendar Sync|System Integrations & APIs|White-Label Platforms|Data Sync & Webhooks","Open-source scheduling platform for teams and embedded products","Booking pages (core)|multi-host (core)|APIs (core)","Freemium + Subscription","https://cal.com","Developer-friendly scheduling infrastructure for products and internal teams.","open scheduling|booking APIs|white-label calendar","Cal.com logo","true"
"5b9009b2-e1f2-4569-9420-0adddf0bc076","TidyCal","tidycal","Simple, affordable booking","Sales & Client Onboarding","Mortgage|Asset|Commercial","Calendar Sync|Lead Capture & Nurture|Funnels & Landing Pages","Lightweight scheduling tool by AppSumo","Booking pages (core)|paid meetings (core)","Pay-as-you-go","https://tidycal.com","Simple scheduling tool for solo operators and small teams.","booking tool|simple scheduler|appointment booking","TidyCal logo","true"
"b69284e1-5505-4b0b-9f45-d2600591513f","WPX","wpx","High-performance WordPress hosting","Technology & Systems","Mortgage|Asset|Commercial","Cloud Infrastructure & Hosting|System Uptime, Monitoring & Alerts|Backup & Disaster Recovery","Managed WordPress hosting focused on speed and support","CDN (core)|staging (core)|malware cleanup (core)","Subscription","https://wpx.net","High-performance WordPress hosting with premium support.","fast wordpress hosting|managed wp hosting","WPX logo","true"
"75b50c31-c853-4fd6-9550-6b67bb466930","Unbounce","unbounce","Landing pages that convert","Marketing & Lead Generation","Mortgage|Asset|Commercial","Landing Page Builders (No-Code)|Conversion Rate Optimisation (CRO)|Lead Capture & Nurture|Funnels & Landing Pages","Conversion-focused landing page platform","A/B testing (core)|popups (core)|sticky bars (core)","Subscription","https://unbounce.com","Landing page platform built to maximise conversions.","landing page optimisation|CRO tools|lead capture","Unbounce logo","true"
"1c3312a8-1b05-452b-9976-33bb5d6f2ed3","Fireflies","fireflies","AI notetaker for meetings","Meeting Transcription","Mortgage|Asset|Commercial","Smart Task Automation|Video & Podcast Production|Team Training","AI notetaker that records calls, creates transcripts and action items.","Transcripts (core)|summaries (core)|action items (core)|integrations (core)","Freemium + Subscription","https://fireflies.ai","Automated meeting transcription and action tracking.","ai meeting notes|call transcription|action items","Fireflies AI logo","true"
"03cecba8-3205-4656-96d8-e605ec7d528d","NordPass","nordpass","Password manager by Nord Security","Password Management","Mortgage|Asset|Commercial","Identity & Access Management (IAM)|Security & Encryption|Privacy & Data Security","Secure password manager from the Nord ecosystem.","Vaults (core)|breach alerts (core)|sharing (core)","Subscription","https://nordpass.com","","","NordPass logo","true"